{"count":1,"self":275.2624896,"total":275.8220785,"children":{"InitializeActuators":{"count":4,"self":0.00099359999999999987,"total":0.00099359999999999987,"children":null},"InitializeSensors":{"count":4,"self":0.0010041,"total":0.0010041,"children":null},"AgentSendState":{"count":5999,"self":0.034897899999999996,"total":0.0641851,"children":{"CollectObservations":{"count":1189,"self":0.022455,"total":0.022455,"children":null},"WriteActionMask":{"count":1189,"self":0.0010037,"total":0.0010037,"children":null},"RequestDecision":{"count":1189,"self":0.0058284999999999995,"total":0.0058284999999999995,"children":null}}},"DecideAction":{"count":5999,"self":0.47367889999999996,"total":0.47367889999999996,"children":null},"AgentAct":{"count":5999,"self":0.019725799999999998,"total":0.019725799999999998,"children":null}},"gauges":{},"metadata":{"timer_format_version":"0.1.0","start_time_seconds":"1752728765","unity_version":"6000.1.10f1","command_line_arguments":"C:\\Program Files\\Unity\\Hub\\Editor\\6000.1.10f1\\Editor\\Unity.exe -projectpath D:\\GitHub_Repos\\Cardtel -useHub -hubIPC -cloudEnvironment production -licensingIpc LicenseClient-goatf -hubSessionId 17550aaa-ca56-4ad3-a2dc-75607eae9447 -accessToken VYe5AIV12XZGPORWjd2yas5rqWXFtfVVakQj_Hn-s04012f","communication_protocol_version":"1.5.0","com.unity.ml-agents_version":"2.0.1","scene_name":"NetworkStart","end_time_seconds":"1752729041"}}